[
{
    "model": "quizzes.quiz",
    "pk": 1,
    "fields": {
        "title": "\u0422\u0435\u0441\u0442 1",
        "description": "\u0422\u043e\u0432\u0430\u0440\u0438\u0449\u0438! \u043a\u043e\u043d\u0441\u0443\u043b\u044c\u0442\u0430\u0446\u0438\u044f \u0441 \u0448\u0438\u0440\u043e\u043a\u0438\u043c \u0430\u043a\u0442\u0438\u0432\u043e\u043c \u043f\u043e\u0437\u0432\u043e\u043b\u044f\u0435\u0442 \u0432\u044b\u043f\u043e\u043b\u043d\u044f\u0442\u044c \u0432\u0430\u0436\u043d\u044b\u0435 \u0437\u0430\u0434\u0430\u043d\u0438\u044f \u043f\u043e \u0440\u0430\u0437\u0440\u0430\u0431\u043e\u0442\u043a\u0435 \u0441\u0438\u0441\u0442\u0435\u043c \u043c\u0430\u0441\u0441\u043e\u0432\u043e\u0433\u043e \u0443\u0447\u0430\u0441\u0442\u0438\u044f. \u041f\u043e\u0432\u0441\u0435\u0434\u043d\u0435\u0432\u043d\u0430\u044f \u043f\u0440\u0430\u043a\u0442\u0438\u043a\u0430 \u043f\u043e\u043a\u0430\u0437\u044b\u0432\u0430\u0435\u0442, \u0447\u0442\u043e \u0440\u0435\u0430\u043b\u0438\u0437\u0430\u0446\u0438\u044f \u043d\u0430\u043c\u0435\u0447\u0435\u043d\u043d\u044b\u0445 \u043f\u043b\u0430\u043d\u043e\u0432\u044b\u0445 \u0437\u0430\u0434\u0430\u043d\u0438\u0439 \u0432 \u0437\u043d\u0430\u0447\u0438\u0442\u0435\u043b\u044c\u043d\u043e\u0439 \u0441\u0442\u0435\u043f\u0435\u043d\u0438 \u043e\u0431\u0443\u0441\u043b\u0430\u0432\u043b\u0438\u0432\u0430\u0435\u0442 \u0441\u043e\u0437\u0434\u0430\u043d\u0438\u0435 \u043c\u043e\u0434\u0435\u043b\u0438 \u0440\u0430\u0437\u0432\u0438\u0442\u0438\u044f.",
        "is_active": true,
        "created_at": "2017-11-28T09:13:32Z"
    }
},
{
    "model": "quizzes.quiz",
    "pk": 2,
    "fields": {
        "title": "\u0422\u0435\u0441\u0442 2",
        "description": "\u0418\u0434\u0435\u0439\u043d\u044b\u0435 \u0441\u043e\u043e\u0431\u0440\u0430\u0436\u0435\u043d\u0438\u044f \u0432\u044b\u0441\u0448\u0435\u0433\u043e \u043f\u043e\u0440\u044f\u0434\u043a\u0430, \u0430 \u0442\u0430\u043a\u0436\u0435 \u0440\u0430\u043c\u043a\u0438 \u0438 \u043c\u0435\u0441\u0442\u043e \u043e\u0431\u0443\u0447\u0435\u043d\u0438\u044f \u043a\u0430\u0434\u0440\u043e\u0432 \u043e\u0431\u0435\u0441\u043f\u0435\u0447\u0438\u0432\u0430\u0435\u0442 \u0448\u0438\u0440\u043e\u043a\u043e\u043c\u0443 \u043a\u0440\u0443\u0433\u0443 (\u0441\u043f\u0435\u0446\u0438\u0430\u043b\u0438\u0441\u0442\u043e\u0432) \u0443\u0447\u0430\u0441\u0442\u0438\u0435 \u0432 \u0444\u043e\u0440\u043c\u0438\u0440\u043e\u0432\u0430\u043d\u0438\u0438 \u043d\u043e\u0432\u044b\u0445 \u043f\u0440\u0435\u0434\u043b\u043e\u0436\u0435\u043d\u0438\u0439. \u0420\u0430\u0432\u043d\u044b\u043c \u043e\u0431\u0440\u0430\u0437\u043e\u043c \u0440\u0430\u043c\u043a\u0438 \u0438 \u043c\u0435\u0441\u0442\u043e \u043e\u0431\u0443\u0447\u0435\u043d\u0438\u044f \u043a\u0430\u0434\u0440\u043e\u0432 \u0432\u043b\u0435\u0447\u0435\u0442 \u0437\u0430 \u0441\u043e\u0431\u043e\u0439 \u043f\u0440\u043e\u0446\u0435\u0441\u0441 \u0432\u043d\u0435\u0434\u0440\u0435\u043d\u0438\u044f \u0438 \u043c\u043e\u0434\u0435\u0440\u043d\u0438\u0437\u0430\u0446\u0438\u0438 \u0441\u0438\u0441\u0442\u0435\u043c\u044b \u043e\u0431\u0443\u0447\u0435\u043d\u0438\u044f \u043a\u0430\u0434\u0440\u043e\u0432, \u0441\u043e\u043e\u0442\u0432\u0435\u0442\u0441\u0442\u0432\u0443\u0435\u0442 \u043d\u0430\u0441\u0443\u0449\u043d\u044b\u043c \u043f\u043e\u0442\u0440\u0435\u0431\u043d\u043e\u0441\u0442\u044f\u043c.",
        "is_active": true,
        "created_at": "2017-11-28T10:11:12Z"
    }
},
{
    "model": "quizzes.quiz",
    "pk": 3,
    "fields": {
        "title": "\u0422\u0435\u0441\u0442 3",
        "description": "",
        "is_active": true,
        "created_at": "2017-11-28T11:10:11Z"
    }
},
{
    "model": "quizzes.quiz",
    "pk": 4,
    "fields": {
        "title": "\u0422\u0435\u0441\u0442 4",
        "description": "\u0420\u0430\u0437\u043d\u043e\u043e\u0431\u0440\u0430\u0437\u043d\u044b\u0439 \u0438 \u0431\u043e\u0433\u0430\u0442\u044b\u0439 \u043e\u043f\u044b\u0442 \u043a\u043e\u043d\u0441\u0443\u043b\u044c\u0442\u0430\u0446\u0438\u044f \u0441 \u0448\u0438\u0440\u043e\u043a\u0438\u043c \u0430\u043a\u0442\u0438\u0432\u043e\u043c \u043e\u0431\u0435\u0441\u043f\u0435\u0447\u0438\u0432\u0430\u0435\u0442 \u0448\u0438\u0440\u043e\u043a\u043e\u043c\u0443 \u043a\u0440\u0443\u0433\u0443. \u0421 \u0434\u0440\u0443\u0433\u043e\u0439 \u0441\u0442\u043e\u0440\u043e\u043d\u044b \u0443\u043a\u0440\u0435\u043f\u043b\u0435\u043d\u0438\u0435 \u0438 \u0440\u0430\u0437\u0432\u0438\u0442\u0438\u0435 \u0441\u0442\u0440\u0443\u043a\u0442\u0443\u0440\u044b \u043e\u0431\u0435\u0441\u043f\u0435\u0447\u0438\u0432\u0430\u0435\u0442 \u0443\u0447\u0430\u0441\u0442\u0438\u0435 \u0432 \u0444\u043e\u0440\u043c\u0438\u0440\u043e\u0432\u0430\u043d\u0438\u0438 \u0441\u0438\u0441\u0442\u0435\u043c \u043c\u0430\u0441\u0441\u043e\u0432\u043e\u0433\u043e \u0443\u0447\u0430\u0441\u0442\u0438\u044f. \u0418\u0434\u0435\u0439\u043d\u044b\u0435 \u0441\u043e\u043e\u0431\u0440\u0430\u0436\u0435\u043d\u0438\u044f \u0432\u044b\u0441\u0448\u0435\u0433\u043e \u043f\u043e\u0440\u044f\u0434\u043a\u0430, \u0430 \u0442\u0430\u043a\u0436\u0435 \u043d\u0430\u0447\u0430\u043b\u043e \u043f\u043e\u0432\u0441\u0435\u0434\u043d\u0435\u0432\u043d\u043e\u0439 \u0440\u0430\u0431\u043e\u0442\u044b \u043f\u043e \u0444\u043e\u0440\u043c\u0438\u0440\u043e\u0432\u0430\u043d\u0438\u044e \u043f\u043e\u0437\u0438\u0446\u0438\u0438 \u043f\u043e\u0437\u0432\u043e\u043b\u044f\u0435\u0442 \u043e\u0446\u0435\u043d\u0438\u0442\u044c \u0437\u043d\u0430\u0447\u0435\u043d\u0438\u0435 \u043c\u043e\u0434\u0435\u043b\u0438 \u0440\u0430\u0437\u0432\u0438\u0442\u0438\u044f.",
        "is_active": true,
        "created_at": "2017-11-28T12:40:21Z"
    }
},
{
    "model": "quizzes.quiz",
    "pk": 5,
    "fields": {
        "title": "\u0422\u0435\u0441\u0442 5",
        "description": "\u041f\u043e\u0432\u0441\u0435\u0434\u043d\u0435\u0432\u043d\u0430\u044f \u043f\u0440\u0430\u043a\u0442\u0438\u043a\u0430 \u043f\u043e\u043a\u0430\u0437\u044b\u0432\u0430\u0435\u0442, \u0447\u0442\u043e \u0443\u043a\u0440\u0435\u043f\u043b\u0435\u043d\u0438\u0435 \u0438 \u0440\u0430\u0437\u0432\u0438\u0442\u0438\u0435 \u0441\u0442\u0440\u0443\u043a\u0442\u0443\u0440\u044b \u043e\u0431\u0435\u0441\u043f\u0435\u0447\u0438\u0432\u0430\u0435\u0442 \u0448\u0438\u0440\u043e\u043a\u043e\u043c\u0443 \u043a\u0440\u0443\u0433\u0443 (\u0441\u043f\u0435\u0446\u0438\u0430\u043b\u0438\u0441\u0442\u043e\u0432) \u0443\u0447\u0430\u0441\u0442\u0438\u0435 \u0432 \u0444\u043e\u0440\u043c\u0438\u0440\u043e\u0432\u0430\u043d\u0438\u0438 \u0434\u0430\u043b\u044c\u043d\u0435\u0439\u0448\u0438\u0445 \u043d\u0430\u043f\u0440\u0430\u0432\u043b\u0435\u043d\u0438\u0439 \u0440\u0430\u0437\u0432\u0438\u0442\u0438\u044f. \u0421 \u0434\u0440\u0443\u0433\u043e\u0439 \u0441\u0442\u043e\u0440\u043e\u043d\u044b \u0443\u043a\u0440\u0435\u043f\u043b\u0435\u043d\u0438\u0435 \u0438 \u0440\u0430\u0437\u0432\u0438\u0442\u0438\u0435 \u0441\u0442\u0440\u0443\u043a\u0442\u0443\u0440\u044b \u043e\u0431\u0435\u0441\u043f\u0435\u0447\u0438\u0432\u0430\u0435\u0442 \u0443\u0447\u0430\u0441\u0442\u0438\u0435 \u0432 \u0444\u043e\u0440\u043c\u0438\u0440\u043e\u0432\u0430\u043d\u0438\u0438 \u0441\u0438\u0441\u0442\u0435\u043c \u043c\u0430\u0441\u0441\u043e\u0432\u043e\u0433\u043e \u0443\u0447\u0430\u0441\u0442\u0438\u044f.",
        "is_active": true,
        "created_at": "2017-11-28T13:50:24Z"
    }
},
{
    "model": "quizzes.quiz",
    "pk": 6,
    "fields": {
        "title": "\u0422\u0435\u0441\u0442 6",
        "description": "\u0417\u043d\u0430\u0447\u0438\u043c\u043e\u0441\u0442\u044c \u044d\u0442\u0438\u0445 \u043f\u0440\u043e\u0431\u043b\u0435\u043c \u043d\u0430\u0441\u0442\u043e\u043b\u044c\u043a\u043e \u043e\u0447\u0435\u0432\u0438\u0434\u043d\u0430, \u0447\u0442\u043e \u043a\u043e\u043d\u0441\u0443\u043b\u044c\u0442\u0430\u0446\u0438\u044f \u0441 \u0448\u0438\u0440\u043e\u043a\u0438\u043c \u0430\u043a\u0442\u0438\u0432\u043e\u043c \u0438\u0433\u0440\u0430\u0435\u0442 \u0432\u0430\u0436\u043d\u0443\u044e \u0440\u043e\u043b\u044c \u0432 \u0444\u043e\u0440\u043c\u0438\u0440\u043e\u0432\u0430\u043d\u0438\u0438 \u043d\u043e\u0432\u044b\u0445 \u043f\u0440\u0435\u0434\u043b\u043e\u0436\u0435\u043d\u0438\u0439. \u0418\u0434\u0435\u0439\u043d\u044b\u0435 \u0441\u043e\u043e\u0431\u0440\u0430\u0436\u0435\u043d\u0438\u044f \u0432\u044b\u0441\u0448\u0435\u0433\u043e \u043f\u043e\u0440\u044f\u0434\u043a\u0430, \u0430 \u0442\u0430\u043a\u0436\u0435 \u0440\u0430\u043c\u043a\u0438 \u0438 \u043c\u0435\u0441\u0442\u043e \u043e\u0431\u0443\u0447\u0435\u043d\u0438\u044f \u043a\u0430\u0434\u0440\u043e\u0432 \u043e\u0431\u0435\u0441\u043f\u0435\u0447\u0438\u0432\u0430\u0435\u0442 \u0448\u0438\u0440\u043e\u043a\u043e\u043c\u0443 \u043a\u0440\u0443\u0433\u0443 (\u0441\u043f\u0435\u0446\u0438\u0430\u043b\u0438\u0441\u0442\u043e\u0432) \u0443\u0447\u0430\u0441\u0442\u0438\u0435 \u0432 \u0444\u043e\u0440\u043c\u0438\u0440\u043e\u0432\u0430\u043d\u0438\u0438 \u043d\u043e\u0432\u044b\u0445 \u043f\u0440\u0435\u0434\u043b\u043e\u0436\u0435\u043d\u0438\u0439.",
        "is_active": true,
        "created_at": "2017-11-28T13:54:28Z"
    }
},
{
    "model": "quizzes.quiz",
    "pk": 7,
    "fields": {
        "title": "\u0422\u0435\u0441\u0442 7",
        "description": "\u0418\u0434\u0435\u0439\u043d\u044b\u0435 \u0441\u043e\u043e\u0431\u0440\u0430\u0436\u0435\u043d\u0438\u044f \u0432\u044b\u0441\u0448\u0435\u0433\u043e \u043f\u043e\u0440\u044f\u0434\u043a\u0430, \u0430 \u0442\u0430\u043a\u0436\u0435 \u0443\u043a\u0440\u0435\u043f\u043b\u0435\u043d\u0438\u0435 \u0438 \u0440\u0430\u0437\u0432\u0438\u0442\u0438\u0435 \u0441\u0442\u0440\u0443\u043a\u0442\u0443\u0440\u044b \u0438\u0433\u0440\u0430\u0435\u0442 \u0432\u0430\u0436\u043d\u0443\u044e \u0440\u043e\u043b\u044c \u0432 \u0444\u043e\u0440\u043c\u0438\u0440\u043e\u0432\u0430\u043d\u0438\u0438 \u0441\u0443\u0449\u0435\u0441\u0442\u0432\u0435\u043d\u043d\u044b\u0445 \u0444\u0438\u043d\u0430\u043d\u0441\u043e\u0432\u044b\u0445 \u0438 \u0430\u0434\u043c\u0438\u043d\u0438\u0441\u0442\u0440\u0430\u0442\u0438\u0432\u043d\u044b\u0445 \u0443\u0441\u043b\u043e\u0432\u0438\u0439. \u0422\u0430\u043a\u0438\u043c \u043e\u0431\u0440\u0430\u0437\u043e\u043c \u043d\u043e\u0432\u0430\u044f \u043c\u043e\u0434\u0435\u043b\u044c \u043e\u0440\u0433\u0430\u043d\u0438\u0437\u0430\u0446\u0438\u043e\u043d\u043d\u043e\u0439 \u0434\u0435\u044f\u0442\u0435\u043b\u044c\u043d\u043e\u0441\u0442\u0438 \u0441\u043f\u043e\u0441\u043e\u0431\u0441\u0442\u0432\u0443\u0435\u0442 \u043f\u043e\u0434\u0433\u043e\u0442\u043e\u0432\u043a\u0438 \u0438 \u0440\u0435\u0430\u043b\u0438\u0437\u0430\u0446\u0438\u0438 \u0441\u0438\u0441\u0442\u0435\u043c \u043c\u0430\u0441\u0441\u043e\u0432\u043e\u0433\u043e \u0443\u0447\u0430\u0441\u0442\u0438\u044f.",
        "is_active": true,
        "created_at": "2017-11-28T14:33:53Z"
    }
},
{
    "model": "quizzes.quiz",
    "pk": 8,
    "fields": {
        "title": "\u0422\u0435\u0441\u0442 8",
        "description": "\u0421 \u0434\u0440\u0443\u0433\u043e\u0439 \u0441\u0442\u043e\u0440\u043e\u043d\u044b \u043f\u043e\u0441\u0442\u043e\u044f\u043d\u043d\u043e\u0435 \u0438\u043d\u0444\u043e\u0440\u043c\u0430\u0446\u0438\u043e\u043d\u043d\u043e-\u043f\u0440\u043e\u043f\u0430\u0433\u0430\u043d\u0434\u0438\u0441\u0442\u0441\u043a\u043e\u0435 \u043e\u0431\u0435\u0441\u043f\u0435\u0447\u0435\u043d\u0438\u0435 \u043d\u0430\u0448\u0435\u0439 \u0434\u0435\u044f\u0442\u0435\u043b\u044c\u043d\u043e\u0441\u0442\u0438 \u043e\u0431\u0435\u0441\u043f\u0435\u0447\u0438\u0432\u0430\u0435\u0442 \u0448\u0438\u0440\u043e\u043a\u043e\u043c\u0443 \u043a\u0440\u0443\u0433\u0443 (\u0441\u043f\u0435\u0446\u0438\u0430\u043b\u0438\u0441\u0442\u043e\u0432) \u0443\u0447\u0430\u0441\u0442\u0438\u0435 \u0432 \u0444\u043e\u0440\u043c\u0438\u0440\u043e\u0432\u0430\u043d\u0438\u0438 \u043f\u043e\u0437\u0438\u0446\u0438\u0439, \u0437\u0430\u043d\u0438\u043c\u0430\u0435\u043c\u044b\u0445 \u0443\u0447\u0430\u0441\u0442\u043d\u0438\u043a\u0430\u043c\u0438 \u0432 \u043e\u0442\u043d\u043e\u0448\u0435\u043d\u0438\u0438 \u043f\u043e\u0441\u0442\u0430\u0432\u043b\u0435\u043d\u043d\u044b\u0445 \u0437\u0430\u0434\u0430\u0447. \u0420\u0430\u0432\u043d\u044b\u043c \u043e\u0431\u0440\u0430\u0437\u043e\u043c \u0440\u0430\u043c\u043a\u0438 \u0438 \u043c\u0435\u0441\u0442\u043e \u043e\u0431\u0443\u0447\u0435\u043d\u0438\u044f \u043a\u0430\u0434\u0440\u043e\u0432 \u0432\u043b\u0435\u0447\u0435\u0442 \u0437\u0430 \u0441\u043e\u0431\u043e\u0439 \u043f\u0440\u043e\u0446\u0435\u0441\u0441 \u0432\u043d\u0435\u0434\u0440\u0435\u043d\u0438\u044f \u0438 \u043c\u043e\u0434\u0435\u0440\u043d\u0438\u0437\u0430\u0446\u0438\u0438 \u0441\u0438\u0441\u0442\u0435\u043c\u044b \u043e\u0431\u0443\u0447\u0435\u043d\u0438\u044f \u043a\u0430\u0434\u0440\u043e\u0432, \u0441\u043e\u043e\u0442\u0432\u0435\u0442\u0441\u0442\u0432\u0443\u0435\u0442 \u043d\u0430\u0441\u0443\u0449\u043d\u044b\u043c \u043f\u043e\u0442\u0440\u0435\u0431\u043d\u043e\u0441\u0442\u044f\u043c.",
        "is_active": true,
        "created_at": "2017-11-28T15:13:33Z"
    }
},
{
    "model": "quizzes.quiz",
    "pk": 9,
    "fields": {
        "title": "\u0422\u0435\u0441\u0442 9",
        "description": "\u041f\u043e\u0432\u0441\u0435\u0434\u043d\u0435\u0432\u043d\u0430\u044f \u043f\u0440\u0430\u043a\u0442\u0438\u043a\u0430 \u043f\u043e\u043a\u0430\u0437\u044b\u0432\u0430\u0435\u0442, \u0447\u0442\u043e \u0443\u043a\u0440\u0435\u043f\u043b\u0435\u043d\u0438\u0435 \u0438 \u0440\u0430\u0437\u0432\u0438\u0442\u0438\u0435 \u0441\u0442\u0440\u0443\u043a\u0442\u0443\u0440\u044b \u043e\u0431\u0435\u0441\u043f\u0435\u0447\u0438\u0432\u0430\u0435\u0442 \u0448\u0438\u0440\u043e\u043a\u043e\u043c\u0443 \u043a\u0440\u0443\u0433\u0443 (\u0441\u043f\u0435\u0446\u0438\u0430\u043b\u0438\u0441\u0442\u043e\u0432) \u0443\u0447\u0430\u0441\u0442\u0438\u0435 \u0432 \u0444\u043e\u0440\u043c\u0438\u0440\u043e\u0432\u0430\u043d\u0438\u0438 \u0434\u0430\u043b\u044c\u043d\u0435\u0439\u0448\u0438\u0445 \u043d\u0430\u043f\u0440\u0430\u0432\u043b\u0435\u043d\u0438\u0439 \u0440\u0430\u0437\u0432\u0438\u0442\u0438\u044f. \u0421 \u0434\u0440\u0443\u0433\u043e\u0439 \u0441\u0442\u043e\u0440\u043e\u043d\u044b \u0443\u043a\u0440\u0435\u043f\u043b\u0435\u043d\u0438\u0435 \u0438 \u0440\u0430\u0437\u0432\u0438\u0442\u0438\u0435 \u0441\u0442\u0440\u0443\u043a\u0442\u0443\u0440\u044b \u043e\u0431\u0435\u0441\u043f\u0435\u0447\u0438\u0432\u0430\u0435\u0442 \u0443\u0447\u0430\u0441\u0442\u0438\u0435 \u0432 \u0444\u043e\u0440\u043c\u0438\u0440\u043e\u0432\u0430\u043d\u0438\u0438 \u0441\u0438\u0441\u0442\u0435\u043c \u043c\u0430\u0441\u0441\u043e\u0432\u043e\u0433\u043e \u0443\u0447\u0430\u0441\u0442\u0438\u044f. \u0417\u043d\u0430\u0447\u0438\u043c\u043e\u0441\u0442\u044c \u044d\u0442\u0438\u0445 \u043f\u0440\u043e\u0431\u043b\u0435\u043c \u043d\u0430\u0441\u0442\u043e\u043b\u044c\u043a\u043e \u043e\u0447\u0435\u0432\u0438\u0434\u043d\u0430, \u0447\u0442\u043e \u0434\u0430\u043b\u044c\u043d\u0435\u0439\u0448\u0435\u0435 \u0440\u0430\u0437\u0432\u0438\u0442\u0438\u0435 \u0440\u0430\u0437\u043b\u0438\u0447\u043d\u044b\u0445 \u0444\u043e\u0440\u043c \u0434\u0435\u044f\u0442\u0435\u043b\u044c\u043d\u043e\u0441\u0442\u0438 \u043e\u0431\u0435\u0441\u043f\u0435\u0447\u0438\u0432\u0430\u0435\u0442 \u0448\u0438\u0440\u043e\u043a\u043e\u043c\u0443 \u043a\u0440\u0443\u0433\u0443 (\u0441\u043f\u0435\u0446\u0438\u0430\u043b\u0438\u0441\u0442\u043e\u0432) \u0443\u0447\u0430\u0441\u0442\u0438\u0435 \u0432 \u0444\u043e\u0440\u043c\u0438\u0440\u043e\u0432\u0430\u043d\u0438\u0438 \u043d\u043e\u0432\u044b\u0445 \u043f\u0440\u0435\u0434\u043b\u043e\u0436\u0435\u043d\u0438\u0439.",
        "is_active": true,
        "created_at": "2017-11-28T15:53:55Z"
    }
},
{
    "model": "quizzes.quiz",
    "pk": 10,
    "fields": {
        "title": "\u0422\u0435\u0441\u0442 10",
        "description": "\u0421 \u0434\u0440\u0443\u0433\u043e\u0439 \u0441\u0442\u043e\u0440\u043e\u043d\u044b \u0440\u0430\u043c\u043a\u0438 \u0438 \u043c\u0435\u0441\u0442\u043e \u043e\u0431\u0443\u0447\u0435\u043d\u0438\u044f \u043a\u0430\u0434\u0440\u043e\u0432 \u0441\u043f\u043e\u0441\u043e\u0431\u0441\u0442\u0432\u0443\u0435\u0442 \u043f\u043e\u0434\u0433\u043e\u0442\u043e\u0432\u043a\u0438 \u0438 \u0440\u0435\u0430\u043b\u0438\u0437\u0430\u0446\u0438\u0438 \u043c\u043e\u0434\u0435\u043b\u0438 \u0440\u0430\u0437\u0432\u0438\u0442\u0438\u044f. \u0420\u0430\u0437\u043d\u043e\u043e\u0431\u0440\u0430\u0437\u043d\u044b\u0439 \u0438 \u0431\u043e\u0433\u0430\u0442\u044b\u0439 \u043e\u043f\u044b\u0442 \u043a\u043e\u043d\u0441\u0443\u043b\u044c\u0442\u0430\u0446\u0438\u044f \u0441 \u0448\u0438\u0440\u043e\u043a\u0438\u043c \u0430\u043a\u0442\u0438\u0432\u043e\u043c \u043e\u0431\u0435\u0441\u043f\u0435\u0447\u0438\u0432\u0430\u0435\u0442 \u0448\u0438\u0440\u043e\u043a\u043e\u043c\u0443 \u043a\u0440\u0443\u0433\u0443. \u0415\u0441\u043b\u0438 \u0443 \u0432\u0430\u0441 \u0435\u0441\u0442\u044c \u043a\u0430\u043a\u0438\u0435 \u0442\u043e \u0438\u043d\u0442\u0435\u0440\u0435\u0441\u043d\u044b\u0435 \u043f\u0440\u0435\u0434\u043b\u043e\u0436\u0435\u043d\u0438\u044f, \u043e\u0431\u0440\u0430\u0449\u0430\u0439\u0442\u0435\u0441\u044c! \u0421\u0442\u0443\u0434\u0438\u044f Web-Boss \u0432\u0441\u0435\u0433\u0434\u0430 \u0433\u043e\u0442\u043e\u0432\u0430 \u0440\u0435\u0448\u0438\u0442\u044c \u043b\u044e\u0431\u0443\u044e \u0437\u0430\u0434\u0430\u0447\u0443.",
        "is_active": true,
        "created_at": "2017-11-28T16:12:12Z"
    }
},
{
    "model": "quizzes.quiz",
    "pk": 11,
    "fields": {
        "title": "\u0422\u0435\u0441\u0442 11",
        "description": "\u0420\u0430\u0437\u043d\u043e\u043e\u0431\u0440\u0430\u0437\u043d\u044b\u0439 \u0438 \u0431\u043e\u0433\u0430\u0442\u044b\u0439 \u043e\u043f\u044b\u0442 \u043a\u043e\u043d\u0441\u0443\u043b\u044c\u0442\u0430\u0446\u0438\u044f \u0441 \u0448\u0438\u0440\u043e\u043a\u0438\u043c \u0430\u043a\u0442\u0438\u0432\u043e\u043c \u043e\u0431\u0435\u0441\u043f\u0435\u0447\u0438\u0432\u0430\u0435\u0442 \u0448\u0438\u0440\u043e\u043a\u043e\u043c\u0443 \u043a\u0440\u0443\u0433\u0443. \u041f\u043e\u0432\u0441\u0435\u0434\u043d\u0435\u0432\u043d\u0430\u044f \u043f\u0440\u0430\u043a\u0442\u0438\u043a\u0430 \u043f\u043e\u043a\u0430\u0437\u044b\u0432\u0430\u0435\u0442, \u0447\u0442\u043e \u0443\u043a\u0440\u0435\u043f\u043b\u0435\u043d\u0438\u0435 \u0438 \u0440\u0430\u0437\u0432\u0438\u0442\u0438\u0435 \u0441\u0442\u0440\u0443\u043a\u0442\u0443\u0440\u044b \u043e\u0431\u0435\u0441\u043f\u0435\u0447\u0438\u0432\u0430\u0435\u0442 \u0448\u0438\u0440\u043e\u043a\u043e\u043c\u0443 \u043a\u0440\u0443\u0433\u0443 (\u0441\u043f\u0435\u0446\u0438\u0430\u043b\u0438\u0441\u0442\u043e\u0432) \u0443\u0447\u0430\u0441\u0442\u0438\u0435 \u0432 \u0444\u043e\u0440\u043c\u0438\u0440\u043e\u0432\u0430\u043d\u0438\u0438 \u0434\u0430\u043b\u044c\u043d\u0435\u0439\u0448\u0438\u0445 \u043d\u0430\u043f\u0440\u0430\u0432\u043b\u0435\u043d\u0438\u0439 \u0440\u0430\u0437\u0432\u0438\u0442\u0438\u044f.",
        "is_active": false,
        "created_at": "2017-11-28T17:47:17Z"
    }
},
{
    "model": "quizzes.question",
    "pk": 1,
    "fields": {
        "quiz": 1,
        "text": "Question 1",
        "number": 1
    }
},
{
    "model": "quizzes.question",
    "pk": 2,
    "fields": {
        "quiz": 2,
        "text": "Question 2",
        "number": 2
    }
},
{
    "model": "quizzes.question",
    "pk": 3,
    "fields": {
        "quiz": 3,
        "text": "Question 3",
        "number": 3
    }
},
{
    "model": "quizzes.question",
    "pk": 4,
    "fields": {
        "quiz": 4,
        "text": "Question 4",
        "number": 4
    }
},
{
    "model": "quizzes.question",
    "pk": 5,
    "fields": {
        "quiz": 5,
        "text": "Question 5",
        "number": 5
    }
},
{
    "model": "quizzes.question",
    "pk": 6,
    "fields": {
        "quiz": 6,
        "text": "Question 6-1",
        "number": 6
    }
},
{
    "model": "quizzes.question",
    "pk": 7,
    "fields": {
        "quiz": 6,
        "text": "Question 6-2",
        "number": 7
    }
},
{
    "model": "quizzes.question",
    "pk": 8,
    "fields": {
        "quiz": 7,
        "text": "Question 7",
        "number": 8
    }
},
{
    "model": "quizzes.question",
    "pk": 9,
    "fields": {
        "quiz": 8,
        "text": "Question 8",
        "number": 9
    }
},
{
    "model": "quizzes.question",
    "pk": 10,
    "fields": {
        "quiz": 9,
        "text": "Question 9",
        "number": 10
    }
},
{
    "model": "quizzes.question",
    "pk": 11,
    "fields": {
        "quiz": 10,
        "text": "Question 10",
        "number": 11
    }
},
{
    "model": "quizzes.question",
    "pk": 12,
    "fields": {
        "quiz": 11,
        "text": "Question 11",
        "number": 12
    }
},
{
    "model": "quizzes.answer",
    "pk": 1,
    "fields": {
        "question": 1,
        "text": "Answer 1-1",
        "is_valid": false
    }
},
{
    "model": "quizzes.answer",
    "pk": 2,
    "fields": {
        "question": 1,
        "text": "Answer 1-2",
        "is_valid": false
    }
},
{
    "model": "quizzes.answer",
    "pk": 3,
    "fields": {
        "question": 1,
        "text": "Answer 1-3",
        "is_valid": true
    }
},
{
    "model": "quizzes.answer",
    "pk": 4,
    "fields": {
        "question": 2,
        "text": "Answer 2-1",
        "is_valid": true
    }
},
{
    "model": "quizzes.answer",
    "pk": 5,
    "fields": {
        "question": 2,
        "text": "Answer 2-2",
        "is_valid": false
    }
},
{
    "model": "quizzes.answer",
    "pk": 6,
    "fields": {
        "question": 3,
        "text": "Answer 3-1",
        "is_valid": true
    }
},
{
    "model": "quizzes.answer",
    "pk": 7,
    "fields": {
        "question": 3,
        "text": "Answer 3-2",
        "is_valid": false
    }
},
{
    "model": "quizzes.answer",
    "pk": 8,
    "fields": {
        "question": 3,
        "text": "Answer 3-3",
        "is_valid": true
    }
},
{
    "model": "quizzes.answer",
    "pk": 9,
    "fields": {
        "question": 3,
        "text": "Answer 3-4",
        "is_valid": false
    }
},
{
    "model": "quizzes.answer",
    "pk": 10,
    "fields": {
        "question": 4,
        "text": "Answer 4-1",
        "is_valid": false
    }
},
{
    "model": "quizzes.answer",
    "pk": 11,
    "fields": {
        "question": 4,
        "text": "Answer 4-2",
        "is_valid": true
    }
},
{
    "model": "quizzes.answer",
    "pk": 12,
    "fields": {
        "question": 5,
        "text": "Answer 5-1",
        "is_valid": false
    }
},
{
    "model": "quizzes.answer",
    "pk": 13,
    "fields": {
        "question": 5,
        "text": "Answer 5-2",
        "is_valid": true
    }
},
{
    "model": "quizzes.answer",
    "pk": 14,
    "fields": {
        "question": 5,
        "text": "Answer 5-3",
        "is_valid": false
    }
},
{
    "model": "quizzes.answer",
    "pk": 15,
    "fields": {
        "question": 6,
        "text": "Answer 6-1-1",
        "is_valid": true
    }
},
{
    "model": "quizzes.answer",
    "pk": 16,
    "fields": {
        "question": 6,
        "text": "Answer 6-1-2",
        "is_valid": false
    }
},
{
    "model": "quizzes.answer",
    "pk": 17,
    "fields": {
        "question": 7,
        "text": "Answer 6-2-1",
        "is_valid": true
    }
},
{
    "model": "quizzes.answer",
    "pk": 18,
    "fields": {
        "question": 7,
        "text": "Answer 6-2-2",
        "is_valid": false
    }
},
{
    "model": "quizzes.answer",
    "pk": 19,
    "fields": {
        "question": 8,
        "text": "Answer 7-1",
        "is_valid": false
    }
},
{
    "model": "quizzes.answer",
    "pk": 20,
    "fields": {
        "question": 8,
        "text": "Answer 7-2",
        "is_valid": true
    }
},
{
    "model": "quizzes.answer",
    "pk": 21,
    "fields": {
        "question": 9,
        "text": "Answer 8-1",
        "is_valid": false
    }
},
{
    "model": "quizzes.answer",
    "pk": 22,
    "fields": {
        "question": 9,
        "text": "Answer 8-2",
        "is_valid": false
    }
},
{
    "model": "quizzes.answer",
    "pk": 23,
    "fields": {
        "question": 9,
        "text": "Answer 8-3",
        "is_valid": true
    }
},
{
    "model": "quizzes.answer",
    "pk": 24,
    "fields": {
        "question": 10,
        "text": "Answer 9-1",
        "is_valid": true
    }
},
{
    "model": "quizzes.answer",
    "pk": 25,
    "fields": {
        "question": 10,
        "text": "Answer 9-2",
        "is_valid": false
    }
},
{
    "model": "quizzes.answer",
    "pk": 26,
    "fields": {
        "question": 11,
        "text": "Answer 10-1",
        "is_valid": true
    }
},
{
    "model": "quizzes.answer",
    "pk": 27,
    "fields": {
        "question": 11,
        "text": "Answer 10-2",
        "is_valid": false
    }
},
{
    "model": "quizzes.answer",
    "pk": 28,
    "fields": {
        "question": 12,
        "text": "Answer 11-1",
        "is_valid": true
    }
},
{
    "model": "quizzes.answer",
    "pk": 29,
    "fields": {
        "question": 12,
        "text": "Answer 11-2",
        "is_valid": false
    }
}
]
